"Statistic Label","Year","County","UNIT","VALUE"
"Index of Disposable Income per Person (excluding Rent)","2016","Co. Carlow","State=100","110.213116517653"
"Index of Disposable Income per Person (excluding Rent)","2016","Co. Cavan","State=100","98.1024425750616"
"Index of Disposable Income per Person (excluding Rent)","2016","Co. Clare","State=100","97.8843869855991"
"Index of Disposable Income per Person (excluding Rent)","2016","Co. Cork","State=100","106.670816430412"
"Index of Disposable Income per Person (excluding Rent)","2016","Co. Donegal","State=100","83.739521962576"
"Index of Disposable Income per Person (excluding Rent)","2016","Co. Dublin","State=100","102.18725019604"
"Index of Disposable Income per Person (excluding Rent)","2016","Co. Galway","State=100","104.718988183132"
"Index of Disposable Income per Person (excluding Rent)","2016","Co. Kerry","State=100","100.710942186607"
"Index of Disposable Income per Person (excluding Rent)","2016","Co. Kildare","State=100","96.5830296513151"
"Index of Disposable Income per Person (excluding Rent)","2016","Co. Kilkenny","State=100","97.3829654739111"
"Index of Disposable Income per Person (excluding Rent)","2016","Co. Laois","State=100","84.2476432687292"
"Index of Disposable Income per Person (excluding Rent)","2016","Co. Leitrim","State=100","98.3486781714252"
"Index of Disposable Income per Person (excluding Rent)","2016","Co. Limerick","State=100","105.592065455651"
"Index of Disposable Income per Person (excluding Rent)","2016","Co. Longford","State=100","89.8996085749822"
"Index of Disposable Income per Person (excluding Rent)","2016","Co. Louth","State=100","90.8068794278308"
"Index of Disposable Income per Person (excluding Rent)","2016","Co. Mayo","State=100","97.6849302927666"
"Index of Disposable Income per Person (excluding Rent)","2016","Co. Meath","State=100","90.0193490472652"
"Index of Disposable Income per Person (excluding Rent)","2016","Co. Monaghan","State=100","95.8632424689538"
"Index of Disposable Income per Person (excluding Rent)","2016","Co. Offaly","State=100","84.5643404010148"
"Index of Disposable Income per Person (excluding Rent)","2016","Co. Roscommon","State=100","95.296631967982"
"Index of Disposable Income per Person (excluding Rent)","2016","Co. Sligo","State=100","99.2454359727136"
"Index of Disposable Income per Person (excluding Rent)","2016","Co. Tipperary","State=100","112.948594264186"
"Index of Disposable Income per Person (excluding Rent)","2016","Co. Waterford","State=100","103.493343170263"
"Index of Disposable Income per Person (excluding Rent)","2016","Co. Westmeath","State=100","94.614332166153"
"Index of Disposable Income per Person (excluding Rent)","2016","Co. Wexford","State=100","100.829813559923"
"Index of Disposable Income per Person (excluding Rent)","2016","Co. Wicklow","State=100","96.7373772730038"
"Index of Disposable Income per Person (excluding Rent)","2017","Co. Carlow","State=100","110.300128464828"
"Index of Disposable Income per Person (excluding Rent)","2017","Co. Cavan","State=100","97.6818278256638"
"Index of Disposable Income per Person (excluding Rent)","2017","Co. Clare","State=100","98.2293415978863"
"Index of Disposable Income per Person (excluding Rent)","2017","Co. Cork","State=100","106.867203506353"
"Index of Disposable Income per Person (excluding Rent)","2017","Co. Donegal","State=100","82.5031582438802"
"Index of Disposable Income per Person (excluding Rent)","2017","Co. Dublin","State=100","102.806176087812"
"Index of Disposable Income per Person (excluding Rent)","2017","Co. Galway","State=100","103.988783919927"
"Index of Disposable Income per Person (excluding Rent)","2017","Co. Kerry","State=100","100.500490234908"
"Index of Disposable Income per Person (excluding Rent)","2017","Co. Kildare","State=100","95.6030371673633"
"Index of Disposable Income per Person (excluding Rent)","2017","Co. Kilkenny","State=100","98.5000776592222"
"Index of Disposable Income per Person (excluding Rent)","2017","Co. Laois","State=100","84.2213300753572"
"Index of Disposable Income per Person (excluding Rent)","2017","Co. Leitrim","State=100","96.9370010111819"
"Index of Disposable Income per Person (excluding Rent)","2017","Co. Limerick","State=100","106.947919758534"
"Index of Disposable Income per Person (excluding Rent)","2017","Co. Longford","State=100","90.0909394636825"
"Index of Disposable Income per Person (excluding Rent)","2017","Co. Louth","State=100","90.1705308895782"
"Index of Disposable Income per Person (excluding Rent)","2017","Co. Mayo","State=100","96.4845400502149"
"Index of Disposable Income per Person (excluding Rent)","2017","Co. Meath","State=100","90.4005402648091"
"Index of Disposable Income per Person (excluding Rent)","2017","Co. Monaghan","State=100","95.3741486410211"
"Index of Disposable Income per Person (excluding Rent)","2017","Co. Offaly","State=100","83.9175787401599"
"Index of Disposable Income per Person (excluding Rent)","2017","Co. Roscommon","State=100","94.9300094480806"
"Index of Disposable Income per Person (excluding Rent)","2017","Co. Sligo","State=100","98.896619976957"
"Index of Disposable Income per Person (excluding Rent)","2017","Co. Tipperary","State=100","111.683648724914"
"Index of Disposable Income per Person (excluding Rent)","2017","Co. Waterford","State=100","105.337464653001"
"Index of Disposable Income per Person (excluding Rent)","2017","Co. Westmeath","State=100","94.2318575701189"
"Index of Disposable Income per Person (excluding Rent)","2017","Co. Wexford","State=100","100.606531541967"
"Index of Disposable Income per Person (excluding Rent)","2017","Co. Wicklow","State=100","95.1443056684518"
"Index of Disposable Income per Person (excluding Rent)","2018","Co. Carlow","State=100","108.916366602456"
"Index of Disposable Income per Person (excluding Rent)","2018","Co. Cavan","State=100","97.0605353645535"
"Index of Disposable Income per Person (excluding Rent)","2018","Co. Clare","State=100","96.6620512885003"
"Index of Disposable Income per Person (excluding Rent)","2018","Co. Cork","State=100","107.364373238256"
"Index of Disposable Income per Person (excluding Rent)","2018","Co. Donegal","State=100","83.0503926611858"
"Index of Disposable Income per Person (excluding Rent)","2018","Co. Dublin","State=100","104.626174975613"
"Index of Disposable Income per Person (excluding Rent)","2018","Co. Galway","State=100","104.705226700029"
"Index of Disposable Income per Person (excluding Rent)","2018","Co. Kerry","State=100","94.3576349812865"
"Index of Disposable Income per Person (excluding Rent)","2018","Co. Kildare","State=100","95.5388007209483"
"Index of Disposable Income per Person (excluding Rent)","2018","Co. Kilkenny","State=100","96.6328774811687"
"Index of Disposable Income per Person (excluding Rent)","2018","Co. Laois","State=100","82.7468583852842"
"Index of Disposable Income per Person (excluding Rent)","2018","Co. Leitrim","State=100","97.8110687553807"
"Index of Disposable Income per Person (excluding Rent)","2018","Co. Limerick","State=100","106.158664632651"
"Index of Disposable Income per Person (excluding Rent)","2018","Co. Longford","State=100","88.8266677366269"
"Index of Disposable Income per Person (excluding Rent)","2018","Co. Louth","State=100","89.7469683936559"
"Index of Disposable Income per Person (excluding Rent)","2018","Co. Mayo","State=100","96.7054222036952"
"Index of Disposable Income per Person (excluding Rent)","2018","Co. Meath","State=100","90.1329848852655"
"Index of Disposable Income per Person (excluding Rent)","2018","Co. Monaghan","State=100","95.8141662985859"
"Index of Disposable Income per Person (excluding Rent)","2018","Co. Offaly","State=100","88.0069847040019"
"Index of Disposable Income per Person (excluding Rent)","2018","Co. Roscommon","State=100","94.5716383377113"
"Index of Disposable Income per Person (excluding Rent)","2018","Co. Sligo","State=100","98.1706511624324"
"Index of Disposable Income per Person (excluding Rent)","2018","Co. Tipperary","State=100","106.080852435942"
"Index of Disposable Income per Person (excluding Rent)","2018","Co. Waterford","State=100","103.564941263786"
"Index of Disposable Income per Person (excluding Rent)","2018","Co. Westmeath","State=100","92.9000620685317"
"Index of Disposable Income per Person (excluding Rent)","2018","Co. Wexford","State=100","98.9381317365352"
"Index of Disposable Income per Person (excluding Rent)","2018","Co. Wicklow","State=100","95.5687404456657"
"Index of Disposable Income per Person (excluding Rent)","2019","Co. Carlow","State=100","106.212203935"
"Index of Disposable Income per Person (excluding Rent)","2019","Co. Cavan","State=100","91.8798688289105"
"Index of Disposable Income per Person (excluding Rent)","2019","Co. Clare","State=100","95.6334327852183"
"Index of Disposable Income per Person (excluding Rent)","2019","Co. Cork","State=100","105.825843630258"
"Index of Disposable Income per Person (excluding Rent)","2019","Co. Donegal","State=100","83.1624498611943"
"Index of Disposable Income per Person (excluding Rent)","2019","Co. Dublin","State=100","106.172102546283"
"Index of Disposable Income per Person (excluding Rent)","2019","Co. Galway","State=100","103.636783152812"
"Index of Disposable Income per Person (excluding Rent)","2019","Co. Kerry","State=100","94.5645696711287"
"Index of Disposable Income per Person (excluding Rent)","2019","Co. Kildare","State=100","94.9731130192072"
"Index of Disposable Income per Person (excluding Rent)","2019","Co. Kilkenny","State=100","94.299913892972"
"Index of Disposable Income per Person (excluding Rent)","2019","Co. Laois","State=100","85.4513974586404"
"Index of Disposable Income per Person (excluding Rent)","2019","Co. Leitrim","State=100","95.804833458887"
"Index of Disposable Income per Person (excluding Rent)","2019","Co. Limerick","State=100","105.138159104696"
"Index of Disposable Income per Person (excluding Rent)","2019","Co. Longford","State=100","87.322158104145"
"Index of Disposable Income per Person (excluding Rent)","2019","Co. Louth","State=100","90.1546757604677"
"Index of Disposable Income per Person (excluding Rent)","2019","Co. Mayo","State=100","97.3864725101828"
"Index of Disposable Income per Person (excluding Rent)","2019","Co. Meath","State=100","89.5200610907526"
"Index of Disposable Income per Person (excluding Rent)","2019","Co. Monaghan","State=100","92.9025591223054"
"Index of Disposable Income per Person (excluding Rent)","2019","Co. Offaly","State=100","84.2743382362582"
"Index of Disposable Income per Person (excluding Rent)","2019","Co. Roscommon","State=100","95.422736184682"
"Index of Disposable Income per Person (excluding Rent)","2019","Co. Sligo","State=100","98.3194034320075"
"Index of Disposable Income per Person (excluding Rent)","2019","Co. Tipperary","State=100","105.246100394801"
"Index of Disposable Income per Person (excluding Rent)","2019","Co. Waterford","State=100","102.632881409213"
"Index of Disposable Income per Person (excluding Rent)","2019","Co. Westmeath","State=100","97.4845681165894"
"Index of Disposable Income per Person (excluding Rent)","2019","Co. Wexford","State=100","97.8737373373128"
"Index of Disposable Income per Person (excluding Rent)","2019","Co. Wicklow","State=100","98.1332588045958"
"Index of Disposable Income per Person (excluding Rent)","2020","Co. Carlow","State=100","102.750156521936"
"Index of Disposable Income per Person (excluding Rent)","2020","Co. Cavan","State=100","93.0398911393863"
"Index of Disposable Income per Person (excluding Rent)","2020","Co. Clare","State=100","96.622726107344"
"Index of Disposable Income per Person (excluding Rent)","2020","Co. Cork","State=100","106.133132788608"
"Index of Disposable Income per Person (excluding Rent)","2020","Co. Donegal","State=100","84.8930782717224"
"Index of Disposable Income per Person (excluding Rent)","2020","Co. Dublin","State=100","105.595506522435"
"Index of Disposable Income per Person (excluding Rent)","2020","Co. Galway","State=100","108.341981182486"
"Index of Disposable Income per Person (excluding Rent)","2020","Co. Kerry","State=100","92.581820916282"
"Index of Disposable Income per Person (excluding Rent)","2020","Co. Kildare","State=100","94.4008862736676"
"Index of Disposable Income per Person (excluding Rent)","2020","Co. Kilkenny","State=100","93.3079157719677"
"Index of Disposable Income per Person (excluding Rent)","2020","Co. Laois","State=100","82.9564043202431"
"Index of Disposable Income per Person (excluding Rent)","2020","Co. Leitrim","State=100","99.0124314284446"
"Index of Disposable Income per Person (excluding Rent)","2020","Co. Limerick","State=100","107.009235556698"
"Index of Disposable Income per Person (excluding Rent)","2020","Co. Longford","State=100","90.5925320399055"
"Index of Disposable Income per Person (excluding Rent)","2020","Co. Louth","State=100","92.9151082129913"
"Index of Disposable Income per Person (excluding Rent)","2020","Co. Mayo","State=100","97.8077748247161"
"Index of Disposable Income per Person (excluding Rent)","2020","Co. Meath","State=100","87.7320514634313"
"Index of Disposable Income per Person (excluding Rent)","2020","Co. Monaghan","State=100","95.001714528909"
"Index of Disposable Income per Person (excluding Rent)","2020","Co. Offaly","State=100","87.4276667254422"
"Index of Disposable Income per Person (excluding Rent)","2020","Co. Roscommon","State=100","97.4877063455255"
"Index of Disposable Income per Person (excluding Rent)","2020","Co. Sligo","State=100","100.653763364207"
"Index of Disposable Income per Person (excluding Rent)","2020","Co. Tipperary","State=100","100.445666546553"
"Index of Disposable Income per Person (excluding Rent)","2020","Co. Waterford","State=100","103.255974715197"
"Index of Disposable Income per Person (excluding Rent)","2020","Co. Westmeath","State=100","93.2313043393661"
"Index of Disposable Income per Person (excluding Rent)","2020","Co. Wexford","State=100","95.9732444724981"
"Index of Disposable Income per Person (excluding Rent)","2020","Co. Wicklow","State=100","97.102306024202"
"Index of Disposable Income per Person (excluding Rent)","2021","Co. Carlow","State=100","106.817803291613"
"Index of Disposable Income per Person (excluding Rent)","2021","Co. Cavan","State=100","95.3468917767642"
"Index of Disposable Income per Person (excluding Rent)","2021","Co. Clare","State=100","93.0797725657237"
"Index of Disposable Income per Person (excluding Rent)","2021","Co. Cork","State=100","106.885336497025"
"Index of Disposable Income per Person (excluding Rent)","2021","Co. Donegal","State=100","85.2418316962807"
"Index of Disposable Income per Person (excluding Rent)","2021","Co. Dublin","State=100","105.10477717704"
"Index of Disposable Income per Person (excluding Rent)","2021","Co. Galway","State=100","101.245184897169"
"Index of Disposable Income per Person (excluding Rent)","2021","Co. Kerry","State=100","96.3250319096145"
"Index of Disposable Income per Person (excluding Rent)","2021","Co. Kildare","State=100","96.1585284826807"
"Index of Disposable Income per Person (excluding Rent)","2021","Co. Kilkenny","State=100","91.9115412390391"
"Index of Disposable Income per Person (excluding Rent)","2021","Co. Laois","State=100","83.4715196307253"
"Index of Disposable Income per Person (excluding Rent)","2021","Co. Leitrim","State=100","96.8612832624755"
"Index of Disposable Income per Person (excluding Rent)","2021","Co. Limerick","State=100","104.547563710652"
"Index of Disposable Income per Person (excluding Rent)","2021","Co. Longford","State=100","90.1959076097448"
"Index of Disposable Income per Person (excluding Rent)","2021","Co. Louth","State=100","93.5740387854493"
"Index of Disposable Income per Person (excluding Rent)","2021","Co. Mayo","State=100","96.9245666076669"
"Index of Disposable Income per Person (excluding Rent)","2021","Co. Meath","State=100","90.5201664024749"
"Index of Disposable Income per Person (excluding Rent)","2021","Co. Monaghan","State=100","96.0638752802693"
"Index of Disposable Income per Person (excluding Rent)","2021","Co. Offaly","State=100","86.886556688865"
"Index of Disposable Income per Person (excluding Rent)","2021","Co. Roscommon","State=100","95.0559760864516"
"Index of Disposable Income per Person (excluding Rent)","2021","Co. Sligo","State=100","96.7638959684911"
"Index of Disposable Income per Person (excluding Rent)","2021","Co. Tipperary","State=100","106.492081691422"
"Index of Disposable Income per Person (excluding Rent)","2021","Co. Waterford","State=100","101.658423867443"
"Index of Disposable Income per Person (excluding Rent)","2021","Co. Westmeath","State=100","97.3238077178513"
"Index of Disposable Income per Person (excluding Rent)","2021","Co. Wexford","State=100","98.9824205469563"
"Index of Disposable Income per Person (excluding Rent)","2021","Co. Wicklow","State=100","97.0819316737769"
"Index of Disposable Income per Person (excluding Rent)","2022","Co. Carlow","State=100","107.391512977087"
"Index of Disposable Income per Person (excluding Rent)","2022","Co. Cavan","State=100","94.5774325700793"
"Index of Disposable Income per Person (excluding Rent)","2022","Co. Clare","State=100","93.4192367388665"
"Index of Disposable Income per Person (excluding Rent)","2022","Co. Cork","State=100","106.738189340982"
"Index of Disposable Income per Person (excluding Rent)","2022","Co. Donegal","State=100","86.5002646623215"
"Index of Disposable Income per Person (excluding Rent)","2022","Co. Dublin","State=100","105.366058578366"
"Index of Disposable Income per Person (excluding Rent)","2022","Co. Galway","State=100","100.282390534218"
"Index of Disposable Income per Person (excluding Rent)","2022","Co. Kerry","State=100","99.6174386025059"
"Index of Disposable Income per Person (excluding Rent)","2022","Co. Kildare","State=100","95.0857537638808"
"Index of Disposable Income per Person (excluding Rent)","2022","Co. Kilkenny","State=100","94.7302111501646"
"Index of Disposable Income per Person (excluding Rent)","2022","Co. Laois","State=100","83.5756011693501"
"Index of Disposable Income per Person (excluding Rent)","2022","Co. Leitrim","State=100","94.4164565792698"
"Index of Disposable Income per Person (excluding Rent)","2022","Co. Limerick","State=100","104.210261247491"
"Index of Disposable Income per Person (excluding Rent)","2022","Co. Longford","State=100","86.8439101090034"
"Index of Disposable Income per Person (excluding Rent)","2022","Co. Louth","State=100","93.4132070246459"
"Index of Disposable Income per Person (excluding Rent)","2022","Co. Mayo","State=100","95.9614760178662"
"Index of Disposable Income per Person (excluding Rent)","2022","Co. Meath","State=100","89.0350030476527"
"Index of Disposable Income per Person (excluding Rent)","2022","Co. Monaghan","State=100","96.0134820916796"
"Index of Disposable Income per Person (excluding Rent)","2022","Co. Offaly","State=100","87.9399118303755"
"Index of Disposable Income per Person (excluding Rent)","2022","Co. Roscommon","State=100","91.9655529321911"
"Index of Disposable Income per Person (excluding Rent)","2022","Co. Sligo","State=100","94.2425129284864"
"Index of Disposable Income per Person (excluding Rent)","2022","Co. Tipperary","State=100","108.373240373728"
"Index of Disposable Income per Person (excluding Rent)","2022","Co. Waterford","State=100","100.390749756613"
"Index of Disposable Income per Person (excluding Rent)","2022","Co. Westmeath","State=100","96.5927334965531"
"Index of Disposable Income per Person (excluding Rent)","2022","Co. Wexford","State=100","99.0883913160256"
"Index of Disposable Income per Person (excluding Rent)","2022","Co. Wicklow","State=100","97.9209056445945"
"Index of Disposable Income per Person (excluding Rent)","2023","Co. Carlow","State=100","105.347634464309"
"Index of Disposable Income per Person (excluding Rent)","2023","Co. Cavan","State=100","93.1867689707342"
"Index of Disposable Income per Person (excluding Rent)","2023","Co. Clare","State=100","90.7364062335216"
"Index of Disposable Income per Person (excluding Rent)","2023","Co. Cork","State=100","104.163706251377"
"Index of Disposable Income per Person (excluding Rent)","2023","Co. Donegal","State=100","85.9589599687569"
"Index of Disposable Income per Person (excluding Rent)","2023","Co. Dublin","State=100","106.100436507657"
"Index of Disposable Income per Person (excluding Rent)","2023","Co. Galway","State=100","98.635512252286"
"Index of Disposable Income per Person (excluding Rent)","2023","Co. Kerry","State=100","96.2680563095399"
"Index of Disposable Income per Person (excluding Rent)","2023","Co. Kildare","State=100","99.1718354956034"
"Index of Disposable Income per Person (excluding Rent)","2023","Co. Kilkenny","State=100","96.635949648311"
"Index of Disposable Income per Person (excluding Rent)","2023","Co. Laois","State=100","85.4898018798288"
"Index of Disposable Income per Person (excluding Rent)","2023","Co. Leitrim","State=100","90.154118829492"
"Index of Disposable Income per Person (excluding Rent)","2023","Co. Limerick","State=100","103.650387516981"
"Index of Disposable Income per Person (excluding Rent)","2023","Co. Longford","State=100","84.6357243269473"
"Index of Disposable Income per Person (excluding Rent)","2023","Co. Louth","State=100","97.496105390206"
"Index of Disposable Income per Person (excluding Rent)","2023","Co. Mayo","State=100","95.7812444416716"
"Index of Disposable Income per Person (excluding Rent)","2023","Co. Meath","State=100","91.2034909055188"
"Index of Disposable Income per Person (excluding Rent)","2023","Co. Monaghan","State=100","95.2142398799374"
"Index of Disposable Income per Person (excluding Rent)","2023","Co. Offaly","State=100","90.540710925855"
"Index of Disposable Income per Person (excluding Rent)","2023","Co. Roscommon","State=100","88.3549916245935"
"Index of Disposable Income per Person (excluding Rent)","2023","Co. Sligo","State=100","92.4938259882978"
"Index of Disposable Income per Person (excluding Rent)","2023","Co. Tipperary","State=100","107.678609241072"
"Index of Disposable Income per Person (excluding Rent)","2023","Co. Waterford","State=100","101.903338592684"
"Index of Disposable Income per Person (excluding Rent)","2023","Co. Westmeath","State=100","97.2470296911999"
"Index of Disposable Income per Person (excluding Rent)","2023","Co. Wexford","State=100","97.8034448048528"
"Index of Disposable Income per Person (excluding Rent)","2023","Co. Wicklow","State=100","99.9818046473177"
"Index of Disposable Income per Person (excluding Rent)","2024","Co. Carlow","State=100","105.185640495592"
"Index of Disposable Income per Person (excluding Rent)","2024","Co. Cavan","State=100","91.1842246594227"
"Index of Disposable Income per Person (excluding Rent)","2024","Co. Clare","State=100","88.3000867146939"
"Index of Disposable Income per Person (excluding Rent)","2024","Co. Cork","State=100","103.233223815003"
"Index of Disposable Income per Person (excluding Rent)","2024","Co. Donegal","State=100","85.5471644608644"
"Index of Disposable Income per Person (excluding Rent)","2024","Co. Dublin","State=100","106.16308714576"
"Index of Disposable Income per Person (excluding Rent)","2024","Co. Galway","State=100","97.9986319619076"
"Index of Disposable Income per Person (excluding Rent)","2024","Co. Kerry","State=100","94.1970938364666"
"Index of Disposable Income per Person (excluding Rent)","2024","Co. Kildare","State=100","103.893959865215"
"Index of Disposable Income per Person (excluding Rent)","2024","Co. Kilkenny","State=100","96.6134714832123"
"Index of Disposable Income per Person (excluding Rent)","2024","Co. Laois","State=100","87.3813227376908"
"Index of Disposable Income per Person (excluding Rent)","2024","Co. Leitrim","State=100","86.2924210769582"
"Index of Disposable Income per Person (excluding Rent)","2024","Co. Limerick","State=100","103.652986028569"
"Index of Disposable Income per Person (excluding Rent)","2024","Co. Longford","State=100","80.9476245245688"
"Index of Disposable Income per Person (excluding Rent)","2024","Co. Louth","State=100","104.167732948795"
"Index of Disposable Income per Person (excluding Rent)","2024","Co. Mayo","State=100","93.9506333192892"
"Index of Disposable Income per Person (excluding Rent)","2024","Co. Meath","State=100","91.2364900087781"
"Index of Disposable Income per Person (excluding Rent)","2024","Co. Monaghan","State=100","93.422833824623"
"Index of Disposable Income per Person (excluding Rent)","2024","Co. Offaly","State=100","93.2979918616376"
"Index of Disposable Income per Person (excluding Rent)","2024","Co. Roscommon","State=100","85.2230588232531"
"Index of Disposable Income per Person (excluding Rent)","2024","Co. Sligo","State=100","91.6128423368451"
"Index of Disposable Income per Person (excluding Rent)","2024","Co. Tipperary","State=100","107.024581210983"
"Index of Disposable Income per Person (excluding Rent)","2024","Co. Waterford","State=100","100.803028206718"
"Index of Disposable Income per Person (excluding Rent)","2024","Co. Westmeath","State=100","98.7382301008844"
"Index of Disposable Income per Person (excluding Rent)","2024","Co. Wexford","State=100","96.0842530330468"
"Index of Disposable Income per Person (excluding Rent)","2024","Co. Wicklow","State=100","102.716248735003"
"Persons at Work","2016","Co. Carlow","Thousand","26.7099737182865"
"Persons at Work","2016","Co. Cavan","Thousand","35.4714782232705"
"Persons at Work","2016","Co. Clare","Thousand","50.7698609951818"
"Persons at Work","2016","Co. Cork","Thousand","258.932015439837"
"Persons at Work","2016","Co. Donegal","Thousand","58.3407335244701"
"Persons at Work","2016","Co. Dublin","Thousand","748.611480787359"
"Persons at Work","2016","Co. Galway","Thousand","117.593515483111"
"Persons at Work","2016","Co. Kerry","Thousand","51.0402387785626"
"Persons at Work","2016","Co. Kildare","Thousand","87.3343934940636"
"Persons at Work","2016","Co. Kilkenny","Thousand","39.9626742159274"
"Persons at Work","2016","Co. Laois","Thousand","30.3530402818482"
"Persons at Work","2016","Co. Leitrim","Thousand","15.5795367563083"
"Persons at Work","2016","Co. Limerick","Thousand","94.6378910157105"
"Persons at Work","2016","Co. Longford","Thousand","10.1152514022261"
"Persons at Work","2016","Co. Louth","Thousand","43.0504789135736"
"Persons at Work","2016","Co. Mayo","Thousand","50.0021501549028"
"Persons at Work","2016","Co. Meath","Thousand","42.95644539942"
"Persons at Work","2016","Co. Monaghan","Thousand","36.6175667193496"
"Persons at Work","2016","Co. Offaly","Thousand","26.38841318122"
"Persons at Work","2016","Co. Roscommon","Thousand","16.067089323209"
"Persons at Work","2016","Co. Sligo","Thousand","23.7312099289523"
"Persons at Work","2016","Co. Tipperary","Thousand","60.9514703766818"
"Persons at Work","2016","Co. Waterford","Thousand","60.9671938936005"
"Persons at Work","2016","Co. Westmeath","Thousand","35.7912406433471"
"Persons at Work","2016","Co. Wexford","Thousand","47.2895626653524"
"Persons at Work","2016","Co. Wicklow","Thousand","62.1172929256274"
"Persons at Work","2017","Co. Carlow","Thousand","26.0070630040804"
"Persons at Work","2017","Co. Cavan","Thousand","38.4526803235683"
"Persons at Work","2017","Co. Clare","Thousand","53.6183844194252"
"Persons at Work","2017","Co. Cork","Thousand","268.957414574126"
"Persons at Work","2017","Co. Donegal","Thousand","64.0388812335423"
"Persons at Work","2017","Co. Dublin","Thousand","766.398429166251"
"Persons at Work","2017","Co. Galway","Thousand","128.992425725244"
"Persons at Work","2017","Co. Kerry","Thousand","49.9585804931212"
"Persons at Work","2017","Co. Kildare","Thousand","85.5771011916365"
"Persons at Work","2017","Co. Kilkenny","Thousand","42.8272649108194"
"Persons at Work","2017","Co. Laois","Thousand","34.5994328458432"
"Persons at Work","2017","Co. Leitrim","Thousand","12.94584513666"
"Persons at Work","2017","Co. Limerick","Thousand","99.0836816471674"
"Persons at Work","2017","Co. Longford","Thousand","14.0698293234731"
"Persons at Work","2017","Co. Louth","Thousand","54.1961504989875"
"Persons at Work","2017","Co. Mayo","Thousand","47.1455644698882"
"Persons at Work","2017","Co. Meath","Thousand","55.4860710405232"
"Persons at Work","2017","Co. Monaghan","Thousand","28.0266260415094"
"Persons at Work","2017","Co. Offaly","Thousand","29.4980698351352"
"Persons at Work","2017","Co. Roscommon","Thousand","18.5183649816092"
"Persons at Work","2017","Co. Sligo","Thousand","30.2400081874931"
"Persons at Work","2017","Co. Tipperary","Thousand","60.6594495371238"
"Persons at Work","2017","Co. Waterford","Thousand","53.1621691845406"
"Persons at Work","2017","Co. Westmeath","Thousand","29.5434917531926"
"Persons at Work","2017","Co. Wexford","Thousand","53.8914834692177"
"Persons at Work","2017","Co. Wicklow","Thousand","52.0759874675217"
"Persons at Work","2018","Co. Carlow","Thousand","21.4387068932721"
"Persons at Work","2018","Co. Cavan","Thousand","30.6238981147464"
"Persons at Work","2018","Co. Clare","Thousand","48.7549851698222"
"Persons at Work","2018","Co. Cork","Thousand","270.64808201021"
"Persons at Work","2018","Co. Donegal","Thousand","65.3053543437204"
"Persons at Work","2018","Co. Dublin","Thousand","802.014895936917"
"Persons at Work","2018","Co. Galway","Thousand","126.802917843977"
"Persons at Work","2018","Co. Kerry","Thousand","55.727471749158"
"Persons at Work","2018","Co. Kildare","Thousand","92.3392148287188"
"Persons at Work","2018","Co. Kilkenny","Thousand","43.5967789643512"
"Persons at Work","2018","Co. Laois","Thousand","30.0749724804985"
"Persons at Work","2018","Co. Leitrim","Thousand","11.8756328382813"
"Persons at Work","2018","Co. Limerick","Thousand","100.335136804727"
"Persons at Work","2018","Co. Longford","Thousand","14.3950909775056"
"Persons at Work","2018","Co. Louth","Thousand","56.6745031674757"
"Persons at Work","2018","Co. Mayo","Thousand","50.4268815775388"
"Persons at Work","2018","Co. Meath","Thousand","66.6377137533219"
"Persons at Work","2018","Co. Monaghan","Thousand","28.844283244882"
"Persons at Work","2018","Co. Offaly","Thousand","27.362749201471"
"Persons at Work","2018","Co. Roscommon","Thousand","22.5599804167616"
"Persons at Work","2018","Co. Sligo","Thousand","31.5211154504135"
"Persons at Work","2018","Co. Tipperary","Thousand","64.7870215028896"
"Persons at Work","2018","Co. Waterford","Thousand","50.9320854865944"
"Persons at Work","2018","Co. Westmeath","Thousand","44.4269523148699"
"Persons at Work","2018","Co. Wexford","Thousand","62.7522425818267"
"Persons at Work","2018","Co. Wicklow","Thousand","43.2769274518493"
"Persons at Work","2019","Co. Carlow","Thousand","24.4832743346835"
"Persons at Work","2019","Co. Cavan","Thousand","30.7182957667148"
"Persons at Work","2019","Co. Clare","Thousand","49.8546932961433"
"Persons at Work","2019","Co. Cork","Thousand","280.966511890589"
"Persons at Work","2019","Co. Donegal","Thousand","65.2516707399206"
"Persons at Work","2019","Co. Dublin","Thousand","832.336533989395"
"Persons at Work","2019","Co. Galway","Thousand","132.04138746676"
"Persons at Work","2019","Co. Kerry","Thousand","50.2210586242041"
"Persons at Work","2019","Co. Kildare","Thousand","95.8109724230186"
"Persons at Work","2019","Co. Kilkenny","Thousand","45.3542036881269"
"Persons at Work","2019","Co. Laois","Thousand","32.2355018474626"
"Persons at Work","2019","Co. Leitrim","Thousand","11.6174524635793"
"Persons at Work","2019","Co. Limerick","Thousand","99.9086203179617"
"Persons at Work","2019","Co. Longford","Thousand","13.7488073306254"
"Persons at Work","2019","Co. Louth","Thousand","55.9809964496282"
"Persons at Work","2019","Co. Mayo","Thousand","51.8790609551053"
"Persons at Work","2019","Co. Meath","Thousand","70.608099790931"
"Persons at Work","2019","Co. Monaghan","Thousand","29.7852446597233"
"Persons at Work","2019","Co. Offaly","Thousand","27.3195177191758"
"Persons at Work","2019","Co. Roscommon","Thousand","25.035062732992"
"Persons at Work","2019","Co. Sligo","Thousand","34.3726731901372"
"Persons at Work","2019","Co. Tipperary","Thousand","66.9051283631413"
"Persons at Work","2019","Co. Waterford","Thousand","52.965178065783"
"Persons at Work","2019","Co. Westmeath","Thousand","46.5772697218243"
"Persons at Work","2019","Co. Wexford","Thousand","59.2219698238585"
"Persons at Work","2019","Co. Wicklow","Thousand","50.1115929695152"
"Persons at Work","2020","Co. Carlow","Thousand","25.4774535952528"
"Persons at Work","2020","Co. Cavan","Thousand","26.7799101286007"
"Persons at Work","2020","Co. Clare","Thousand","49.5125778323909"
"Persons at Work","2020","Co. Cork","Thousand","269.171470685943"
"Persons at Work","2020","Co. Donegal","Thousand","58.5755475108539"
"Persons at Work","2020","Co. Dublin","Thousand","803.174459592512"
"Persons at Work","2020","Co. Galway","Thousand","130.632976861469"
"Persons at Work","2020","Co. Kerry","Thousand","61.1946323056331"
"Persons at Work","2020","Co. Kildare","Thousand","90.2919991247449"
"Persons at Work","2020","Co. Kilkenny","Thousand","45.0574425491151"
"Persons at Work","2020","Co. Laois","Thousand","34.944767856334"
"Persons at Work","2020","Co. Leitrim","Thousand","10.5603680861622"
"Persons at Work","2020","Co. Limerick","Thousand","93.2935851025737"
"Persons at Work","2020","Co. Longford","Thousand","13.9255124263195"
"Persons at Work","2020","Co. Louth","Thousand","52.7413431575171"
"Persons at Work","2020","Co. Mayo","Thousand","53.9520426908735"
"Persons at Work","2020","Co. Meath","Thousand","69.6206019657199"
"Persons at Work","2020","Co. Monaghan","Thousand","30.491612905832"
"Persons at Work","2020","Co. Offaly","Thousand","28.3574927732871"
"Persons at Work","2020","Co. Roscommon","Thousand","23.3335883442519"
"Persons at Work","2020","Co. Sligo","Thousand","32.5241768300202"
"Persons at Work","2020","Co. Tipperary","Thousand","67.817117456655"
"Persons at Work","2020","Co. Waterford","Thousand","51.0259421069562"
"Persons at Work","2020","Co. Westmeath","Thousand","45.3698519788237"
"Persons at Work","2020","Co. Wexford","Thousand","58.4081649098701"
"Persons at Work","2020","Co. Wicklow","Thousand","50.8911957409878"
"Persons at Work","2021","Co. Carlow","Thousand","25.8684197618124"
"Persons at Work","2021","Co. Cavan","Thousand","33.252374622445"
"Persons at Work","2021","Co. Clare","Thousand","55.3850305471291"
"Persons at Work","2021","Co. Cork","Thousand","278.484627443193"
"Persons at Work","2021","Co. Donegal","Thousand","65.0032972603591"
"Persons at Work","2021","Co. Dublin","Thousand","858.147249656231"
"Persons at Work","2021","Co. Galway","Thousand","139.828156588036"
"Persons at Work","2021","Co. Kerry","Thousand","66.4760112019825"
"Persons at Work","2021","Co. Kildare","Thousand","94.0419408261097"
"Persons at Work","2021","Co. Kilkenny","Thousand","51.3386137609989"
"Persons at Work","2021","Co. Laois","Thousand","35.215882657339"
"Persons at Work","2021","Co. Leitrim","Thousand","10.4279737165994"
"Persons at Work","2021","Co. Limerick","Thousand","99.4764809308223"
"Persons at Work","2021","Co. Longford","Thousand","22.3752112260023"
"Persons at Work","2021","Co. Louth","Thousand","62.7121620066601"
"Persons at Work","2021","Co. Mayo","Thousand","53.2592799304443"
"Persons at Work","2021","Co. Meath","Thousand","73.8677571239943"
"Persons at Work","2021","Co. Monaghan","Thousand","31.5470520624596"
"Persons at Work","2021","Co. Offaly","Thousand","28.7085873087252"
"Persons at Work","2021","Co. Roscommon","Thousand","26.854123903769"
"Persons at Work","2021","Co. Sligo","Thousand","34.1623827411711"
"Persons at Work","2021","Co. Tipperary","Thousand","70.4892744885405"
"Persons at Work","2021","Co. Waterford","Thousand","55.276144914749"
"Persons at Work","2021","Co. Westmeath","Thousand","45.8728121506898"
"Persons at Work","2021","Co. Wexford","Thousand","57.1926618041509"
"Persons at Work","2021","Co. Wicklow","Thousand","51.2657495402858"
"Persons at Work","2022","Co. Carlow","Thousand","30.8786719305513"
"Persons at Work","2022","Co. Cavan","Thousand","31.2675027087473"
"Persons at Work","2022","Co. Clare","Thousand","53.7089695649425"
"Persons at Work","2022","Co. Cork","Thousand","305.568773392167"
"Persons at Work","2022","Co. Donegal","Thousand","74.799911697773"
"Persons at Work","2022","Co. Dublin","Thousand","912.563523789734"
"Persons at Work","2022","Co. Galway","Thousand","149.438617877848"
"Persons at Work","2022","Co. Kerry","Thousand","66.6181425283944"
"Persons at Work","2022","Co. Kildare","Thousand","105.481600395114"
"Persons at Work","2022","Co. Kilkenny","Thousand","52.2182767973463"
"Persons at Work","2022","Co. Laois","Thousand","35.2159626959842"
"Persons at Work","2022","Co. Leitrim","Thousand","10.8787477768958"
"Persons at Work","2022","Co. Limerick","Thousand","109.957614898098"
"Persons at Work","2022","Co. Longford","Thousand","24.5185667920086"
"Persons at Work","2022","Co. Louth","Thousand","63.967628566415"
"Persons at Work","2022","Co. Mayo","Thousand","60.5051879508376"
"Persons at Work","2022","Co. Meath","Thousand","78.7571711332232"
"Persons at Work","2022","Co. Monaghan","Thousand","28.6399464842668"
"Persons at Work","2022","Co. Offaly","Thousand","27.1452290687558"
"Persons at Work","2022","Co. Roscommon","Thousand","23.2763006907421"
"Persons at Work","2022","Co. Sligo","Thousand","37.6172255159957"
"Persons at Work","2022","Co. Tipperary","Thousand","75.5394622747905"
"Persons at Work","2022","Co. Waterford","Thousand","65.3655619291947"
"Persons at Work","2022","Co. Westmeath","Thousand","55.3545405746655"
"Persons at Work","2022","Co. Wexford","Thousand","57.4354629322572"
"Persons at Work","2022","Co. Wicklow","Thousand","57.8075547571519"
"Persons at Work","2023","Co. Carlow","Thousand","29.6043945380194"
"Persons at Work","2023","Co. Cavan","Thousand","30.9116044630419"
"Persons at Work","2023","Co. Clare","Thousand","55.3580042850737"
"Persons at Work","2023","Co. Cork","Thousand","311.373318296271"
"Persons at Work","2023","Co. Donegal","Thousand","79.2639510306408"
"Persons at Work","2023","Co. Dublin","Thousand","937.470427987069"
"Persons at Work","2023","Co. Galway","Thousand","153.851653786077"
"Persons at Work","2023","Co. Kerry","Thousand","75.0027194009723"
"Persons at Work","2023","Co. Kildare","Thousand","107.516028518997"
"Persons at Work","2023","Co. Kilkenny","Thousand","48.7384286038796"
"Persons at Work","2023","Co. Laois","Thousand","36.9661034010011"
"Persons at Work","2023","Co. Leitrim","Thousand","13.9607630801551"
"Persons at Work","2023","Co. Limerick","Thousand","119.665843500509"
"Persons at Work","2023","Co. Longford","Thousand","24.0286118992236"
"Persons at Work","2023","Co. Louth","Thousand","62.6256625170522"
"Persons at Work","2023","Co. Mayo","Thousand","63.6961484586727"
"Persons at Work","2023","Co. Meath","Thousand","84.692715661804"
"Persons at Work","2023","Co. Monaghan","Thousand","29.0245423927024"
"Persons at Work","2023","Co. Offaly","Thousand","31.7279582970882"
"Persons at Work","2023","Co. Roscommon","Thousand","28.3401302958678"
"Persons at Work","2023","Co. Sligo","Thousand","36.2829542731288"
"Persons at Work","2023","Co. Tipperary","Thousand","75.5111858243294"
"Persons at Work","2023","Co. Waterford","Thousand","61.9928890478778"
"Persons at Work","2023","Co. Westmeath","Thousand","50.0324030024834"
"Persons at Work","2023","Co. Wexford","Thousand","74.0750823432027"
"Persons at Work","2023","Co. Wicklow","Thousand","62.491067744761"
"Persons at Work","2024","Co. Carlow","Thousand","30.4413642019574"
"Persons at Work","2024","Co. Cavan","Thousand","34.8038208168791"
"Persons at Work","2024","Co. Clare","Thousand","60.6872453478042"
"Persons at Work","2024","Co. Cork","Thousand","317.36000560247"
"Persons at Work","2024","Co. Donegal","Thousand","79.3646781275646"
"Persons at Work","2024","Co. Dublin","Thousand","969.471479829064"
"Persons at Work","2024","Co. Galway","Thousand","160.582868395102"
"Persons at Work","2024","Co. Kerry","Thousand","79.7941787891665"
"Persons at Work","2024","Co. Kildare","Thousand","116.09826222064"
"Persons at Work","2024","Co. Kilkenny","Thousand","51.753363267091"
"Persons at Work","2024","Co. Laois","Thousand","36.9663444730201"
"Persons at Work","2024","Co. Leitrim","Thousand","13.6219108044411"
"Persons at Work","2024","Co. Limerick","Thousand","129.016092214327"
"Persons at Work","2024","Co. Longford","Thousand","21.1532621408387"
"Persons at Work","2024","Co. Louth","Thousand","62.9513205615045"
"Persons at Work","2024","Co. Mayo","Thousand","58.1380653903598"
"Persons at Work","2024","Co. Meath","Thousand","84.47461784717"
"Persons at Work","2024","Co. Monaghan","Thousand","25.0613879434563"
"Persons at Work","2024","Co. Offaly","Thousand","33.5756475861602"
"Persons at Work","2024","Co. Roscommon","Thousand","31.2982864181943"
"Persons at Work","2024","Co. Sligo","Thousand","36.5561084317724"
"Persons at Work","2024","Co. Tipperary","Thousand","76.0310484310115"
"Persons at Work","2024","Co. Waterford","Thousand","67.4938186592611"
"Persons at Work","2024","Co. Westmeath","Thousand","49.5232664369607"
"Persons at Work","2024","Co. Wexford","Thousand","69.6388389314441"
"Persons at Work","2024","Co. Wicklow","Thousand","60.5095913344397"
"Percentage of Persons at Work","2016","Co. Carlow","%","1.25317616616695"
"Percentage of Persons at Work","2016","Co. Cavan","%","1.66424765359014"
"Percentage of Persons at Work","2016","Co. Clare","%","2.38201581288761"
"Percentage of Persons at Work","2016","Co. Cork","%","12.148549220946"
"Percentage of Persons at Work","2016","Co. Donegal","%","2.73722533540005"
"Percentage of Persons at Work","2016","Co. Dublin","%","35.1232867293833"
"Percentage of Persons at Work","2016","Co. Galway","%","5.51724207794067"
"Percentage of Persons at Work","2016","Co. Kerry","%","2.39470137362862"
"Percentage of Persons at Work","2016","Co. Kildare","%","4.09754728955337"
"Percentage of Persons at Work","2016","Co. Kilkenny","%","1.87496518685858"
"Percentage of Persons at Work","2016","Co. Laois","%","1.42410123847766"
"Percentage of Persons at Work","2016","Co. Leitrim","%","0.730959316877232"
"Percentage of Persons at Work","2016","Co. Limerick","%","4.4402121352893"
"Percentage of Persons at Work","2016","Co. Longford","%","0.474586463684091"
"Percentage of Persons at Work","2016","Co. Louth","%","2.01983853243658"
"Percentage of Persons at Work","2016","Co. Mayo","%","2.34599642411199"
"Percentage of Persons at Work","2016","Co. Meath","%","2.01542667640104"
"Percentage of Persons at Work","2016","Co. Monaghan","%","1.71801973149455"
"Percentage of Persons at Work","2016","Co. Offaly","%","1.23808921755061"
"Percentage of Persons at Work","2016","Co. Roscommon","%","0.75383426475392"
"Percentage of Persons at Work","2016","Co. Sligo","%","1.11341879220597"
"Percentage of Persons at Work","2016","Co. Tipperary","%","2.85971565432857"
"Percentage of Persons at Work","2016","Co. Waterford","%","2.86045336889388"
"Percentage of Persons at Work","2016","Co. Westmeath","%","1.67925023831382"
"Percentage of Persons at Work","2016","Co. Wexford","%","2.21872748605909"
"Percentage of Persons at Work","2016","Co. Wicklow","%","2.91441361276641"
"Percentage of Persons at Work","2017","Co. Carlow","%","1.18323078450019"
"Percentage of Persons at Work","2017","Co. Cavan","%","1.74946302465036"
"Percentage of Persons at Work","2017","Co. Clare","%","2.43944973910647"
"Percentage of Persons at Work","2017","Co. Cork","%","12.2366255887394"
"Percentage of Persons at Work","2017","Co. Donegal","%","2.91354604972467"
"Percentage of Persons at Work","2017","Co. Dublin","%","34.8684591735646"
"Percentage of Persons at Work","2017","Co. Galway","%","5.86870609193803"
"Percentage of Persons at Work","2017","Co. Kerry","%","2.27294140749831"
"Percentage of Persons at Work","2017","Co. Kildare","%","3.89346004054151"
"Percentage of Persons at Work","2017","Co. Kilkenny","%","1.94849138676197"
"Percentage of Persons at Work","2017","Co. Laois","%","1.57415368521334"
"Percentage of Persons at Work","2017","Co. Leitrim","%","0.588990863545987"
"Percentage of Persons at Work","2017","Co. Limerick","%","4.50796240806395"
"Percentage of Persons at Work","2017","Co. Longford","%","0.640128229226998"
"Percentage of Persons at Work","2017","Co. Louth","%","2.46573608337652"
"Percentage of Persons at Work","2017","Co. Mayo","%","2.14495897613114"
"Percentage of Persons at Work","2017","Co. Meath","%","2.52442297524373"
"Percentage of Persons at Work","2017","Co. Monaghan","%","1.27511386859738"
"Percentage of Persons at Work","2017","Co. Offaly","%","1.3420594361921"
"Percentage of Persons at Work","2017","Co. Roscommon","%","0.842521107493474"
"Percentage of Persons at Work","2017","Co. Sligo","%","1.37581504706494"
"Percentage of Persons at Work","2017","Co. Tipperary","%","2.7597936780443"
"Percentage of Persons at Work","2017","Co. Waterford","%","2.4186935349096"
"Percentage of Persons at Work","2017","Co. Westmeath","%","1.34412597525989"
"Percentage of Persons at Work","2017","Co. Wexford","%","2.45187479467239"
"Percentage of Persons at Work","2017","Co. Wicklow","%","2.36927604993883"
"Percentage of Persons at Work","2018","Co. Carlow","%","0.946882639874326"
"Percentage of Persons at Work","2018","Co. Cavan","%","1.35256466887158"
"Percentage of Persons at Work","2018","Co. Clare","%","2.15335977558994"
"Percentage of Persons at Work","2018","Co. Cork","%","11.9537046542287"
"Percentage of Persons at Work","2018","Co. Donegal","%","2.88433936928891"
"Percentage of Persons at Work","2018","Co. Dublin","%","35.4225646940302"
"Percentage of Persons at Work","2018","Co. Galway","%","5.60050016960454"
"Percentage of Persons at Work","2018","Co. Kerry","%","2.46131335374169"
"Percentage of Persons at Work","2018","Co. Kildare","%","4.07834296798836"
"Percentage of Persons at Work","2018","Co. Kilkenny","%","1.9255374571466"
"Percentage of Persons at Work","2018","Co. Laois","%","1.32832028901048"
"Percentage of Persons at Work","2018","Co. Leitrim","%","0.524510672591865"
"Percentage of Persons at Work","2018","Co. Limerick","%","4.43149858257664"
"Percentage of Persons at Work","2018","Co. Longford","%","0.635787494734076"
"Percentage of Persons at Work","2018","Co. Louth","%","2.50314085825886"
"Percentage of Persons at Work","2018","Co. Mayo","%","2.22720236749701"
"Percentage of Persons at Work","2018","Co. Meath","%","2.94318564212176"
"Percentage of Persons at Work","2018","Co. Monaghan","%","1.27396447930205"
"Percentage of Persons at Work","2018","Co. Offaly","%","1.20852961547969"
"Percentage of Persons at Work","2018","Co. Roscommon","%","0.996405889538049"
"Percentage of Persons at Work","2018","Co. Sligo","%","1.39219203649066"
"Percentage of Persons at Work","2018","Co. Tipperary","%","2.86144618029655"
"Percentage of Persons at Work","2018","Co. Waterford","%","2.24951569140515"
"Percentage of Persons at Work","2018","Co. Westmeath","%","1.96220369534864"
"Percentage of Persons at Work","2018","Co. Wexford","%","2.77157616873624"
"Percentage of Persons at Work","2018","Co. Wicklow","%","1.91141058624747"
"Percentage of Persons at Work","2019","Co. Carlow","%","1.04839469585033"
"Percentage of Persons at Work","2019","Co. Cavan","%","1.31538363321622"
"Percentage of Persons at Work","2019","Co. Clare","%","2.13482050237367"
"Percentage of Persons at Work","2019","Co. Cork","%","12.0312257564494"
"Percentage of Persons at Work","2019","Co. Donegal","%","2.79413221303469"
"Percentage of Persons at Work","2019","Co. Dublin","%","35.6413605250813"
"Percentage of Persons at Work","2019","Co. Galway","%","5.65412486747185"
"Percentage of Persons at Work","2019","Co. Kerry","%","2.15050857829978"
"Percentage of Persons at Work","2019","Co. Kildare","%","4.10270758393857"
"Percentage of Persons at Work","2019","Co. Kilkenny","%","1.94210569759407"
"Percentage of Persons at Work","2019","Co. Laois","%","1.38035169205606"
"Percentage of Persons at Work","2019","Co. Leitrim","%","0.49746922636307"
"Percentage of Persons at Work","2019","Co. Limerick","%","4.2781723628646"
"Percentage of Persons at Work","2019","Co. Longford","%","0.588735660216668"
"Percentage of Persons at Work","2019","Co. Louth","%","2.39715403029506"
"Percentage of Persons at Work","2019","Co. Mayo","%","2.22150565269689"
"Percentage of Persons at Work","2019","Co. Meath","%","3.02349907504067"
"Percentage of Persons at Work","2019","Co. Monaghan","%","1.27542958874671"
"Percentage of Persons at Work","2019","Co. Offaly","%","1.16984505742349"
"Percentage of Persons at Work","2019","Co. Roscommon","%","1.07202274584521"
"Percentage of Persons at Work","2019","Co. Sligo","%","1.47186719235862"
"Percentage of Persons at Work","2019","Co. Tipperary","%","2.86493467917143"
"Percentage of Persons at Work","2019","Co. Waterford","%","2.26801411403834"
"Percentage of Persons at Work","2019","Co. Westmeath","%","1.99447842866242"
"Percentage of Persons at Work","2019","Co. Wexford","%","2.53593527533963"
"Percentage of Persons at Work","2019","Co. Wicklow","%","2.14582116557121"
"Percentage of Persons at Work","2020","Co. Carlow","%","1.11884258695953"
"Percentage of Persons at Work","2020","Co. Cavan","%","1.17603997647591"
"Percentage of Persons at Work","2020","Co. Clare","%","2.17434526813737"
"Percentage of Persons at Work","2020","Co. Cork","%","11.8206673783944"
"Percentage of Persons at Work","2020","Co. Donegal","%","2.57234565709605"
"Percentage of Persons at Work","2020","Co. Dublin","%","35.2714130865005"
"Percentage of Persons at Work","2020","Co. Galway","%","5.73674826754053"
"Percentage of Persons at Work","2020","Co. Kerry","%","2.68736278768571"
"Percentage of Persons at Work","2020","Co. Kildare","%","3.96517389403864"
"Percentage of Persons at Work","2020","Co. Kilkenny","%","1.9786979650441"
"Percentage of Persons at Work","2020","Co. Laois","%","1.53459977163361"
"Percentage of Persons at Work","2020","Co. Leitrim","%","0.463758652511809"
"Percentage of Persons at Work","2020","Co. Limerick","%","4.09698856726961"
"Percentage of Persons at Work","2020","Co. Longford","%","0.611538994254257"
"Percentage of Persons at Work","2020","Co. Louth","%","2.31613652429817"
"Percentage of Persons at Work","2020","Co. Mayo","%","2.36930440439524"
"Percentage of Persons at Work","2020","Co. Meath","%","3.05738931552876"
"Percentage of Persons at Work","2020","Co. Monaghan","%","1.33903943487062"
"Percentage of Persons at Work","2020","Co. Offaly","%","1.24531953146458"
"Percentage of Persons at Work","2020","Co. Roscommon","%","1.02469472659528"
"Percentage of Persons at Work","2020","Co. Sligo","%","1.42829949654032"
"Percentage of Persons at Work","2020","Co. Tipperary","%","2.9781892782833"
"Percentage of Persons at Work","2020","Co. Waterford","%","2.24080467286698"
"Percentage of Persons at Work","2020","Co. Westmeath","%","1.99241742775332"
"Percentage of Persons at Work","2020","Co. Wexford","%","2.56499504877891"
"Percentage of Persons at Work","2020","Co. Wicklow","%","2.23488728508253"
"Percentage of Persons at Work","2021","Co. Carlow","%","1.06606667422882"
"Percentage of Persons at Work","2021","Co. Cavan","%","1.3703677592356"
"Percentage of Persons at Work","2021","Co. Clare","%","2.28247940388698"
"Percentage of Persons at Work","2021","Co. Cork","%","11.4766647261726"
"Percentage of Persons at Work","2021","Co. Donegal","%","2.67885899341087"
"Percentage of Persons at Work","2021","Co. Dublin","%","35.3652133707117"
"Percentage of Persons at Work","2021","Co. Galway","%","5.76247560654673"
"Percentage of Persons at Work","2021","Co. Kerry","%","2.7395511913995"
"Percentage of Persons at Work","2021","Co. Kildare","%","3.87557415635081"
"Percentage of Persons at Work","2021","Co. Kilkenny","%","2.11572201687018"
"Percentage of Persons at Work","2021","Co. Laois","%","1.45128613383501"
"Percentage of Persons at Work","2021","Co. Leitrim","%","0.42974852586132"
"Percentage of Persons at Work","2021","Co. Limerick","%","4.0995376666363"
"Percentage of Persons at Work","2021","Co. Longford","%","0.922107621435958"
"Percentage of Persons at Work","2021","Co. Louth","%","2.5844387326215"
"Percentage of Persons at Work","2021","Co. Mayo","%","2.1948748300075"
"Percentage of Persons at Work","2021","Co. Meath","%","3.04417335480882"
"Percentage of Persons at Work","2021","Co. Monaghan","%","1.30008949845468"
"Percentage of Persons at Work","2021","Co. Offaly","%","1.18311317335281"
"Percentage of Persons at Work","2021","Co. Roscommon","%","1.10668865060252"
"Percentage of Persons at Work","2021","Co. Sligo","%","1.40787021735188"
"Percentage of Persons at Work","2021","Co. Tipperary","%","2.9049422854091"
"Percentage of Persons at Work","2021","Co. Waterford","%","2.27799210450606"
"Percentage of Persons at Work","2021","Co. Westmeath","%","1.89047018477727"
"Percentage of Persons at Work","2021","Co. Wexford","%","2.35697392114583"
"Percentage of Persons at Work","2021","Co. Wicklow","%","2.11271920037961"
"Percentage of Persons at Work","2022","Co. Carlow","%","1.19014687419242"
"Percentage of Persons at Work","2022","Co. Cavan","%","1.20513345574944"
"Percentage of Persons at Work","2022","Co. Clare","%","2.07008780648265"
"Percentage of Persons at Work","2022","Co. Cork","%","11.7774404715795"
"Percentage of Persons at Work","2022","Co. Donegal","%","2.88298931045977"
"Percentage of Persons at Work","2022","Co. Dublin","%","35.1726469254593"
"Percentage of Persons at Work","2022","Co. Galway","%","5.75976532769816"
"Percentage of Persons at Work","2022","Co. Kerry","%","2.56764197219988"
"Percentage of Persons at Work","2022","Co. Kildare","%","4.06554392227119"
"Percentage of Persons at Work","2022","Co. Kilkenny","%","2.01263250718331"
"Percentage of Persons at Work","2022","Co. Laois","%","1.35731769871989"
"Percentage of Persons at Work","2022","Co. Leitrim","%","0.419296130705357"
"Percentage of Persons at Work","2022","Co. Limerick","%","4.23806153188689"
"Percentage of Persons at Work","2022","Co. Longford","%","0.945011355825696"
"Percentage of Persons at Work","2022","Co. Louth","%","2.4654840518739"
"Percentage of Persons at Work","2022","Co. Mayo","%","2.33203229964264"
"Percentage of Persons at Work","2022","Co. Meath","%","3.03551270777628"
"Percentage of Persons at Work","2022","Co. Monaghan","%","1.1038603882301"
"Percentage of Persons at Work","2022","Co. Offaly","%","1.04624996820063"
"Percentage of Persons at Work","2022","Co. Roscommon","%","0.897131086860023"
"Percentage of Persons at Work","2022","Co. Sligo","%","1.44986881120876"
"Percentage of Persons at Work","2022","Co. Tipperary","%","2.91149357416399"
"Percentage of Persons at Work","2022","Co. Waterford","%","2.51936415480655"
"Percentage of Persons at Work","2022","Co. Westmeath","%","2.1335125288246"
"Percentage of Persons at Work","2022","Co. Wexford","%","2.21371686030929"
"Percentage of Persons at Work","2022","Co. Wicklow","%","2.22805827768977"
"Percentage of Persons at Work","2023","Co. Carlow","%","1.10291125419741"
"Percentage of Persons at Work","2023","Co. Cavan","%","1.15161133945179"
"Percentage of Persons at Work","2023","Co. Clare","%","2.06236158140327"
"Percentage of Persons at Work","2023","Co. Cork","%","11.600208089536"
"Percentage of Persons at Work","2023","Co. Donegal","%","2.95297725246755"
"Percentage of Persons at Work","2023","Co. Dublin","%","34.9254460913346"
"Percentage of Persons at Work","2023","Co. Galway","%","5.7317409487848"
"Percentage of Persons at Work","2023","Co. Kerry","%","2.79422513493758"
"Percentage of Persons at Work","2023","Co. Kildare","%","4.00550795618953"
"Percentage of Persons at Work","2023","Co. Kilkenny","%","1.81574939322207"
"Percentage of Persons at Work","2023","Co. Laois","%","1.37717160242645"
"Percentage of Persons at Work","2023","Co. Leitrim","%","0.520108009590014"
"Percentage of Persons at Work","2023","Co. Limerick","%","4.45814912276759"
"Percentage of Persons at Work","2023","Co. Longford","%","0.895185559439866"
"Percentage of Persons at Work","2023","Co. Louth","%","2.33311807484939"
"Percentage of Persons at Work","2023","Co. Mayo","%","2.37299901181492"
"Percentage of Persons at Work","2023","Co. Meath","%","3.15522579365657"
"Percentage of Persons at Work","2023","Co. Monaghan","%","1.08130887161805"
"Percentage of Persons at Work","2023","Co. Offaly","%","1.18202458873546"
"Percentage of Persons at Work","2023","Co. Roscommon","%","1.05581110968482"
"Percentage of Persons at Work","2023","Co. Sligo","%","1.35172089238211"
"Percentage of Persons at Work","2023","Co. Tipperary","%","2.81316804356494"
"Percentage of Persons at Work","2023","Co. Waterford","%","2.30954410917974"
"Percentage of Persons at Work","2023","Co. Westmeath","%","1.86395638914731"
"Percentage of Persons at Work","2023","Co. Wexford","%","2.75966603089947"
"Percentage of Persons at Work","2023","Co. Wicklow","%","2.32810374871867"
"Percentage of Persons at Work","2024","Co. Carlow","%","1.10440175750441"
"Percentage of Persons at Work","2024","Co. Cavan","%","1.26267011632673"
"Percentage of Persons at Work","2024","Co. Clare","%","2.20171145995838"
"Percentage of Persons at Work","2024","Co. Cork","%","11.5137069949855"
"Percentage of Persons at Work","2024","Co. Donegal","%","2.87932201153516"
"Percentage of Persons at Work","2024","Co. Dublin","%","35.1720770156804"
"Percentage of Persons at Work","2024","Co. Galway","%","5.82588877765361"
"Percentage of Persons at Work","2024","Co. Kerry","%","2.89490414124444"
"Percentage of Persons at Work","2024","Co. Kildare","%","4.21200324627497"
"Percentage of Persons at Work","2024","Co. Kilkenny","%","1.87759342747407"
"Percentage of Persons at Work","2024","Co. Laois","%","1.34112569770745"
"Percentage of Persons at Work","2024","Co. Leitrim","%","0.494198030455735"
"Percentage of Persons at Work","2024","Co. Limerick","%","4.68065747785021"
"Percentage of Persons at Work","2024","Co. Longford","%","0.767432751380821"
"Percentage of Persons at Work","2024","Co. Louth","%","2.28385129536602"
"Percentage of Persons at Work","2024","Co. Mayo","%","2.10922812686861"
"Percentage of Persons at Work","2024","Co. Meath","%","3.06470878886989"
"Percentage of Persons at Work","2024","Co. Monaghan","%","0.909218151546352"
"Percentage of Persons at Work","2024","Co. Offaly","%","1.21811243272467"
"Percentage of Persons at Work","2024","Co. Roscommon","%","1.13549058766912"
"Percentage of Persons at Work","2024","Co. Sligo","%","1.32624248150401"
"Percentage of Persons at Work","2024","Co. Tipperary","%","2.75837912371591"
"Percentage of Persons at Work","2024","Co. Waterford","%","2.44865149450756"
"Percentage of Persons at Work","2024","Co. Westmeath","%","1.79668631561597"
"Percentage of Persons at Work","2024","Co. Wexford","%","2.5264720594062"
"Percentage of Persons at Work","2024","Co. Wicklow","%","2.19526623617387"
