"Statistic Label","Month","Selected Sub Indices","UNIT","VALUE"
"Consumer Price Index (Base Dec 2016=100)","2016 January","Mortgage Interest","Base Dec 2016=100","103.5"
"Consumer Price Index (Base Dec 2016=100)","2016 February","Mortgage Interest","Base Dec 2016=100","103.4"
"Consumer Price Index (Base Dec 2016=100)","2016 March","Mortgage Interest","Base Dec 2016=100","102.9"
"Consumer Price Index (Base Dec 2016=100)","2016 April","Mortgage Interest","Base Dec 2016=100","102.1"
"Consumer Price Index (Base Dec 2016=100)","2016 May","Mortgage Interest","Base Dec 2016=100","101.6"
"Consumer Price Index (Base Dec 2016=100)","2016 June","Mortgage Interest","Base Dec 2016=100","101.2"
"Consumer Price Index (Base Dec 2016=100)","2016 July","Mortgage Interest","Base Dec 2016=100","100.3"
"Consumer Price Index (Base Dec 2016=100)","2016 August","Mortgage Interest","Base Dec 2016=100","100.3"
"Consumer Price Index (Base Dec 2016=100)","2016 September","Mortgage Interest","Base Dec 2016=100","99.9"
"Consumer Price Index (Base Dec 2016=100)","2016 October","Mortgage Interest","Base Dec 2016=100","100.3"
"Consumer Price Index (Base Dec 2016=100)","2016 November","Mortgage Interest","Base Dec 2016=100","99.9"
"Consumer Price Index (Base Dec 2016=100)","2016 December","Mortgage Interest","Base Dec 2016=100","100"
"Consumer Price Index (Base Dec 2016=100)","2017 January","Mortgage Interest","Base Dec 2016=100","99.7"
"Consumer Price Index (Base Dec 2016=100)","2017 February","Mortgage Interest","Base Dec 2016=100","99.8"
"Consumer Price Index (Base Dec 2016=100)","2017 March","Mortgage Interest","Base Dec 2016=100","99.8"
"Consumer Price Index (Base Dec 2016=100)","2017 April","Mortgage Interest","Base Dec 2016=100","99.5"
"Consumer Price Index (Base Dec 2016=100)","2017 May","Mortgage Interest","Base Dec 2016=100","99.6"
"Consumer Price Index (Base Dec 2016=100)","2017 June","Mortgage Interest","Base Dec 2016=100","99.8"
"Consumer Price Index (Base Dec 2016=100)","2017 July","Mortgage Interest","Base Dec 2016=100","99.9"
"Consumer Price Index (Base Dec 2016=100)","2017 August","Mortgage Interest","Base Dec 2016=100","100.1"
"Consumer Price Index (Base Dec 2016=100)","2017 September","Mortgage Interest","Base Dec 2016=100","99.9"
"Consumer Price Index (Base Dec 2016=100)","2017 October","Mortgage Interest","Base Dec 2016=100","100.1"
"Consumer Price Index (Base Dec 2016=100)","2017 November","Mortgage Interest","Base Dec 2016=100","98.8"
"Consumer Price Index (Base Dec 2016=100)","2017 December","Mortgage Interest","Base Dec 2016=100","99.1"
"Consumer Price Index (Base Dec 2016=100)","2018 January","Mortgage Interest","Base Dec 2016=100","99"
"Consumer Price Index (Base Dec 2016=100)","2018 February","Mortgage Interest","Base Dec 2016=100","99.3"
"Consumer Price Index (Base Dec 2016=100)","2018 March","Mortgage Interest","Base Dec 2016=100","98.8"
"Consumer Price Index (Base Dec 2016=100)","2018 April","Mortgage Interest","Base Dec 2016=100","99.1"
"Consumer Price Index (Base Dec 2016=100)","2018 May","Mortgage Interest","Base Dec 2016=100","99.1"
"Consumer Price Index (Base Dec 2016=100)","2018 June","Mortgage Interest","Base Dec 2016=100","99.4"
"Consumer Price Index (Base Dec 2016=100)","2018 July","Mortgage Interest","Base Dec 2016=100","99.3"
"Consumer Price Index (Base Dec 2016=100)","2018 August","Mortgage Interest","Base Dec 2016=100","99.7"
"Consumer Price Index (Base Dec 2016=100)","2018 September","Mortgage Interest","Base Dec 2016=100","99.7"
"Consumer Price Index (Base Dec 2016=100)","2018 October","Mortgage Interest","Base Dec 2016=100","100"
"Consumer Price Index (Base Dec 2016=100)","2018 November","Mortgage Interest","Base Dec 2016=100","100"
"Consumer Price Index (Base Dec 2016=100)","2018 December","Mortgage Interest","Base Dec 2016=100","100.4"
"Consumer Price Index (Base Dec 2016=100)","2019 January","Mortgage Interest","Base Dec 2016=100","101.2"
"Consumer Price Index (Base Dec 2016=100)","2019 February","Mortgage Interest","Base Dec 2016=100","101.2"
"Consumer Price Index (Base Dec 2016=100)","2019 March","Mortgage Interest","Base Dec 2016=100","101.5"
"Consumer Price Index (Base Dec 2016=100)","2019 April","Mortgage Interest","Base Dec 2016=100","101.9"
"Consumer Price Index (Base Dec 2016=100)","2019 May","Mortgage Interest","Base Dec 2016=100","102.3"
"Consumer Price Index (Base Dec 2016=100)","2019 June","Mortgage Interest","Base Dec 2016=100","101.8"
"Consumer Price Index (Base Dec 2016=100)","2019 July","Mortgage Interest","Base Dec 2016=100","102.2"
"Consumer Price Index (Base Dec 2016=100)","2019 August","Mortgage Interest","Base Dec 2016=100","102.6"
"Consumer Price Index (Base Dec 2016=100)","2019 September","Mortgage Interest","Base Dec 2016=100","103"
"Consumer Price Index (Base Dec 2016=100)","2019 October","Mortgage Interest","Base Dec 2016=100","103"
"Consumer Price Index (Base Dec 2016=100)","2019 November","Mortgage Interest","Base Dec 2016=100","103.4"
"Consumer Price Index (Base Dec 2016=100)","2019 December","Mortgage Interest","Base Dec 2016=100","103.7"
"Consumer Price Index (Base Dec 2016=100)","2020 January","Mortgage Interest","Base Dec 2016=100","104.1"
"Consumer Price Index (Base Dec 2016=100)","2020 February","Mortgage Interest","Base Dec 2016=100","104.1"
"Consumer Price Index (Base Dec 2016=100)","2020 March","Mortgage Interest","Base Dec 2016=100","104.5"
"Consumer Price Index (Base Dec 2016=100)","2020 April","Mortgage Interest","Base Dec 2016=100","104.5"
"Consumer Price Index (Base Dec 2016=100)","2020 May","Mortgage Interest","Base Dec 2016=100","104.8"
"Consumer Price Index (Base Dec 2016=100)","2020 June","Mortgage Interest","Base Dec 2016=100","104.8"
"Consumer Price Index (Base Dec 2016=100)","2020 July","Mortgage Interest","Base Dec 2016=100","105.2"
"Consumer Price Index (Base Dec 2016=100)","2020 August","Mortgage Interest","Base Dec 2016=100","105.5"
"Consumer Price Index (Base Dec 2016=100)","2020 September","Mortgage Interest","Base Dec 2016=100","105.9"
"Consumer Price Index (Base Dec 2016=100)","2020 October","Mortgage Interest","Base Dec 2016=100","105.5"
"Consumer Price Index (Base Dec 2016=100)","2020 November","Mortgage Interest","Base Dec 2016=100","105.4"
"Consumer Price Index (Base Dec 2016=100)","2020 December","Mortgage Interest","Base Dec 2016=100","105.8"
"Consumer Price Index (Base Dec 2016=100)","2021 January","Mortgage Interest","Base Dec 2016=100","105.7"
"Consumer Price Index (Base Dec 2016=100)","2021 February","Mortgage Interest","Base Dec 2016=100","106.1"
"Consumer Price Index (Base Dec 2016=100)","2021 March","Mortgage Interest","Base Dec 2016=100","106.5"
"Consumer Price Index (Base Dec 2016=100)","2021 April","Mortgage Interest","Base Dec 2016=100","106.5"
"Consumer Price Index (Base Dec 2016=100)","2021 May","Mortgage Interest","Base Dec 2016=100","106.9"
"Consumer Price Index (Base Dec 2016=100)","2021 June","Mortgage Interest","Base Dec 2016=100","107.3"
"Consumer Price Index (Base Dec 2016=100)","2021 July","Mortgage Interest","Base Dec 2016=100","107.3"
"Consumer Price Index (Base Dec 2016=100)","2021 August","Mortgage Interest","Base Dec 2016=100","107.7"
"Consumer Price Index (Base Dec 2016=100)","2021 September","Mortgage Interest","Base Dec 2016=100","108.2"
"Consumer Price Index (Base Dec 2016=100)","2021 October","Mortgage Interest","Base Dec 2016=100","108.7"
"Consumer Price Index (Base Dec 2016=100)","2021 November","Mortgage Interest","Base Dec 2016=100","108.8"
"Consumer Price Index (Base Dec 2016=100)","2021 December","Mortgage Interest","Base Dec 2016=100","109.3"
"Consumer Price Index (Base Dec 2016=100)","2022 January","Mortgage Interest","Base Dec 2016=100","109.8"
"Consumer Price Index (Base Dec 2016=100)","2022 February","Mortgage Interest","Base Dec 2016=100","110.4"
"Consumer Price Index (Base Dec 2016=100)","2022 March","Mortgage Interest","Base Dec 2016=100","110.5"
"Consumer Price Index (Base Dec 2016=100)","2022 April","Mortgage Interest","Base Dec 2016=100","111.1"
"Consumer Price Index (Base Dec 2016=100)","2022 May","Mortgage Interest","Base Dec 2016=100","111.3"
"Consumer Price Index (Base Dec 2016=100)","2022 June","Mortgage Interest","Base Dec 2016=100","111.8"
"Consumer Price Index (Base Dec 2016=100)","2022 July","Mortgage Interest","Base Dec 2016=100","112"
"Consumer Price Index (Base Dec 2016=100)","2022 August","Mortgage Interest","Base Dec 2016=100","113.5"
"Consumer Price Index (Base Dec 2016=100)","2022 September","Mortgage Interest","Base Dec 2016=100","116.4"
"Consumer Price Index (Base Dec 2016=100)","2022 October","Mortgage Interest","Base Dec 2016=100","124.9"
"Consumer Price Index (Base Dec 2016=100)","2022 November","Mortgage Interest","Base Dec 2016=100","131.6"
"Consumer Price Index (Base Dec 2016=100)","2022 December","Mortgage Interest","Base Dec 2016=100","133.3"
"Consumer Price Index (Base Dec 2016=100)","2023 January","Mortgage Interest","Base Dec 2016=100","139.3"
"Consumer Price Index (Base Dec 2016=100)","2023 February","Mortgage Interest","Base Dec 2016=100","145.3"
"Consumer Price Index (Base Dec 2016=100)","2023 March","Mortgage Interest","Base Dec 2016=100","149.5"
"Consumer Price Index (Base Dec 2016=100)","2023 April","Mortgage Interest","Base Dec 2016=100","156.7"
"Consumer Price Index (Base Dec 2016=100)","2023 May","Mortgage Interest","Base Dec 2016=100","160.4"
"Consumer Price Index (Base Dec 2016=100)","2023 June","Mortgage Interest","Base Dec 2016=100","163.7"
"Consumer Price Index (Base Dec 2016=100)","2023 July","Mortgage Interest","Base Dec 2016=100","167.4"
"Consumer Price Index (Base Dec 2016=100)","2023 August","Mortgage Interest","Base Dec 2016=100","171.7"
"Consumer Price Index (Base Dec 2016=100)","2023 September","Mortgage Interest","Base Dec 2016=100","174"
"Consumer Price Index (Base Dec 2016=100)","2023 October","Mortgage Interest","Base Dec 2016=100","176.9"
"Consumer Price Index (Base Dec 2016=100)","2023 November","Mortgage Interest","Base Dec 2016=100","180.3"
"Consumer Price Index (Base Dec 2016=100)","2023 December","Mortgage Interest","Base Dec 2016=100","182.2"
"Consumer Price Index (Base Dec 2016=100)","2024 January","Mortgage Interest","Base Dec 2016=100","183.6"
"Consumer Price Index (Base Dec 2016=100)","2024 February","Mortgage Interest","Base Dec 2016=100","185.7"
"Consumer Price Index (Base Dec 2016=100)","2024 March","Mortgage Interest","Base Dec 2016=100","187.2"
"Consumer Price Index (Base Dec 2016=100)","2024 April","Mortgage Interest","Base Dec 2016=100","189.2"
"Consumer Price Index (Base Dec 2016=100)","2024 May","Mortgage Interest","Base Dec 2016=100","190.2"
"Consumer Price Index (Base Dec 2016=100)","2024 June","Mortgage Interest","Base Dec 2016=100","191.7"
"Consumer Price Index (Base Dec 2016=100)","2024 July","Mortgage Interest","Base Dec 2016=100","191.7"
"Consumer Price Index (Base Dec 2016=100)","2024 August","Mortgage Interest","Base Dec 2016=100","192.7"
"Consumer Price Index (Base Dec 2016=100)","2024 September","Mortgage Interest","Base Dec 2016=100","193.7"
"Consumer Price Index (Base Dec 2016=100)","2024 October","Mortgage Interest","Base Dec 2016=100","191.4"
"Consumer Price Index (Base Dec 2016=100)","2024 November","Mortgage Interest","Base Dec 2016=100","189.7"
"Consumer Price Index (Base Dec 2016=100)","2024 December","Mortgage Interest","Base Dec 2016=100","190.7"
"Consumer Price Index (Base Dec 2016=100)","2025 January","Mortgage Interest","Base Dec 2016=100","190.7"
"Consumer Price Index (Base Dec 2016=100)","2025 February","Mortgage Interest","Base Dec 2016=100","190.1"
"Consumer Price Index (Base Dec 2016=100)","2025 March","Mortgage Interest","Base Dec 2016=100","191.1"
"Consumer Price Index (Base Dec 2016=100)","2025 April","Mortgage Interest","Base Dec 2016=100","190.5"
"Consumer Price Index (Base Dec 2016=100)","2025 May","Mortgage Interest","Base Dec 2016=100","189.8"
"Consumer Price Index (Base Dec 2016=100)","2025 June","Mortgage Interest","Base Dec 2016=100","190.8"
"Consumer Price Index (Base Dec 2016=100)","2025 July","Mortgage Interest","Base Dec 2016=100","190.7"
"Consumer Price Index (Base Dec 2016=100)","2025 August","Mortgage Interest","Base Dec 2016=100","191.1"
"Consumer Price Index (Base Dec 2016=100)","2025 September","Mortgage Interest","Base Dec 2016=100","192.7"
"Consumer Price Index (Base Dec 2016=100)","2025 October","Mortgage Interest","Base Dec 2016=100","194.4"
"Consumer Price Index (Base Dec 2016=100)","2025 November","Mortgage Interest","Base Dec 2016=100","196"
"Consumer Price Index (Base Dec 2016=100)","2025 December","Mortgage Interest","Base Dec 2016=100","197.1"
